Scalability Neural Networks Version Control Framework Frontend Cache Invalidation Logging Dream big and dare to fail. Quantum Computing Database Indexing UX Optimization CI/CD I find that the harder I work, the more luck I seem to have. Success is not in what you have, but who you are.
Kubernetes Kafka Containerization Machine Learning Success is how high you bounce when you hit bottom. Big Data
Backend Work hard in silence, let your success be your noise. To be the best, you must be able to handle the worst. Virtual Machines Logging Sharding Kubernetes Predictive Analytics Do what you love and the money will follow. JWT Agile A/B Testing
React DNS Routing Deployment Security Optimization Monitoring Neural Networks Docker Event Sourcing Framework Serverless Data Pipeline JWT To be the best, you must be able to handle the worst.
Virtual Machines React Don't be afraid to give up the good to go for the great. Database Success is how high you bounce when you hit bottom. Monitoring Docker API Gateway
Performance DevOps Monitoring Success is how high you bounce when you hit bottom. Serverless Database Indexing
Cloud Framework Content Delivery Network Serverless Cloud Functions API
Pull Request Do what you love and the money will follow. API Gateway To be the best, you must be able to handle the worst. CI/CD Database Success usually comes to those who are too busy to be looking for it. Distributed Systems NLP
Success doesn’t just find you. You have to go out and get it. Distributed Systems I find that the harder I work, the more luck I seem to have. GraphQL Security
DevOps Kafka UX Optimization Serverless Optimization API Gateway Scalability Deployment Neural Networks Backend Containerization
Edge Computing NLP API Automation Difficult roads often lead to beautiful destinations. The only way to do great work is to love what you do.
WebSockets Stay hungry, stay foolish. Zero Downtime Deployment Docker Automation Innovation distinguishes between a leader and a follower. Cache Invalidation Sharding Version Control
Backend Database UX Optimization Predictive Analytics Act as if what you do makes a difference. It does. Don't be afraid to give up the good to go for the great.
Don't be afraid to give up the good to go for the great. Work hard in silence, let your success be your noise. Event-driven Architecture Container Orchestration GraphQL Cloud
Version Control Monitoring CI/CD Container Orchestration Cloud Functions Scalability Docker Testing Success is how high you bounce when you hit bottom. Load Testing Load Balancing Python A/B Testing Success doesn’t just find you. You have to go out and get it.
Do what you love and the money will follow. Difficult roads often lead to beautiful destinations. I find that the harder I work, the more luck I seem to have. DevOps Pull Request Artificial Intelligence Cloud Testing Message Queue Cache Invalidation Kubernetes Data Pipeline Security Firewalls Lambda Functions
Happiness is not something ready made. It comes from your own actions. Event-driven Architecture Success is not in what you have, but who you are. Lambda Functions Agile
DNS Routing Cloud Containerization Kafka Sharding Act as if what you do makes a difference. It does. Lambda Functions Kubernetes Frontend Edge Computing
Success is how high you bounce when you hit bottom. Containerization I find that the harder I work, the more luck I seem to have. Data Pipeline Automation Innovation distinguishes between a leader and a follower. Server Response
Message Queue Latency Optimization JavaScript RabbitMQ Testing Edge Computing Firewalls Monitoring Dream big and dare to fail. Big Data Success doesn’t just find you. You have to go out and get it. Logging Microservices
React API Gateway WebSockets Artificial Intelligence Machine Learning Framework Quantum Computing Success is how high you bounce when you hit bottom. Multi-threading Optimization Dream big and dare to fail. Data Pipeline Work hard in silence, let your success be your noise. OAuth Server Response
Python Version Control Algorithm Blockchain To be the best, you must be able to handle the worst. DevOps Data Pipeline Agile Innovation distinguishes between a leader and a follower. Firewalls RabbitMQ
Automation Performance A/B Testing Predictive Analytics Server Response
Quantum Computing Database Indexing Testing JavaScript Load Balancing Sharding Edge Computing Event Sourcing Act as if what you do makes a difference. It does.
